Contact Details
Home|Contact Us|Contact Details
Uttar Pradesh State Rural Livelihoods Mission
Ground &1St floor Eledeco Corporate Tower, Vibhuti Khand , Gomti Nagar, Lucknow.U.P.(India)
Contact No-8887353270
Email – mdsrlmup9@gmail.com

Sr. No.	Name	Email ID	Telephone No.
1.	Sh. Himanshu Kumar
Principal Secretary
Rural Development, GoUP	psrd.up@gmail.com	0522-2238138
2	Sh. Gouri Shankar Priyadarshi, IAS
Commissioner, Rural Development, GoUP	upcrd75@gmail.com	
0522-2286015, 2286022
3	Ms. Deepa Ranjan, IAS
Mission Director	mdsrlmup9@gmail.com	8887353270
4	Sh. Amandeep Duli, IAS
Additional Mission Director	mdsrlmup9@gmail.com	7755867799
5	Ms. Sudha Devi Shukla
Joint Mission Director	mdsrlmup9@gmail.com	7007592938
6	Sh. Rajat Yadav
Joint Mission Director	mdsrlmup9@gmail.com	9451716499
7	Sh. Janmejay Shukla
Joint Mission Director	mdsrlmup9@gmail.com	9415056192
8	Ms. Niti Shrivastav
Joint Mission Director	mdsrlmup9@gmail.com	6393041681
9	Ms. Sushma Devi
Joint Mission Director	mdsrlmup9@gmail.com	7905931007
10	Sh. Nagendra Kr. Tripathi
Chief Finance Officer	financeupho@gmail.com	9452692652
11	Sh. Acharya Shekhar
State Mission Manager- Non-Farm Livelihood	acharyalucknow@gmail.com	9935645899
12	Sh. Satyajeet Shukla
State Mission Manager- Enterprise Promotion (NRETP)	Satynshukla23@gmail.com	7999864001
13	Sh. S.M.Adeel Abbas
Lead Health & Nutrition (TSU)	abbas.smadeel@gmail.com	9935002161
14	Sh. Rakesh Shrivastava
Lead Livelihood (TSU)	rakesh.srivastava@trif.in	9436044112
15	Sh. A.K.Tripathi
Mission Manager	akt_ganesh@rediffmail.com	9415920243
16	Sh. Karunesh Sinha
Mission Manager	karuneshupsdm@gmail.com	9415451095
17	Sh. Prem Kumar Srivastava
Mission Manager	premabhisrivastava@gmail.com	9415010993
18	Sh. Alok Kumar Singh
Mission Manager- Social Mobilization	aloksinghirm2007@gmail.com	9554555001
19	Sh. Sudhir Kumar Singh
Mission Manager-M&E, Training	srlmupme@gmail.com	8004548528
20	Sh. Ajay Pratap Singh
Mission Manager-SISD,	pmsisd.upsrlm@gmail.com	9918473047
21	Sh. Mrityunjay Kumar
Lead-MIS	pmmissrlmup@gmail.com	7564967610
22	Sh. Gauri Shankar
Consultant- Training	gauri21lko@gmail.com	7007943643
23	Sh. Ajay Pratap Singh
Senior Programme Manager- Farm Livelihood	Sajaypratap179@gmail.com	7052180888
7652033939
24	Sh. Subodh kumar Suman
Senior Programme Manager-  (THR Enterprises)	Subodh4development@gmail.com	6200341413
25	Sh. Sundeep Kumar Singh
Senior Programme Manager-  Livelihood	sundeep.singh@trif.in	9889396444
26	Sh. Ajay Kushwaha
Lead-  MCLF	ajaykushwaha@trif.in	9838024213
27	Sh. Amaan Siddiqui
IT-Consultant-TSU	amaansid2003@gmail.com	7985352986
28	Sh. Abhimanyu Singh
IT- Consultant-TSU	abhimanyusinghlko2@gmail.com	8700118078
29	Sh. Jay Prakash
Consultant-TSU	jay.prakash@trif.in	7992384492
30	Ms. Parul Sinha
Manager (Health & Nutri.)	Parulsinha663@gmail.com	7073077624
31	Sh. Vinit Chaturvedi
DMM	vineet.oo99@gmail.com	7235077357
32	Sh. Saurabh Shukla
DMM	supsrlm@gmail.com	9598830000
33	Sh. Bhupendra Singh
DMM	bhupendratulip@gmail.com	8953222279
34	Sh. Harendra Singh
DMM	harendra.34527@up.gov.in	9415834527
35	Sh.  Vijendra pal singh
DMM	Vvijendra.chirgainya538@gmail.com	7651848940
36	Sh. Neelambuj Srivastava
DMM	shrivastavasneel@gmail.com	9208778795
37	Sh. Ramraj
DMM	Ramraj.up@rediffmail.com	9935513945
38	Sh. Avinash Mishra
DMM	-	9616555076
39	Sh. Gyan Singh
PS to MD	-	9415196984
40	Sh. Sunil Dixit
Steno to MD	mdsrlmup9@gmail.com	9451346283
41	Sh. Pushp Nath Mishra
Steno to JMD	mdsrlmup9@gmail.com	9450640815